{
  "feature_importances": {
    "acc_debit_ratio": 0.06740494063212536,
    "acc_credit_ratio": 0.061218862242787234,
    "is_debit": 0.05252726685087399,
    "is_night": 0.049308384357340106,
    "acc_night_txn_ratio": 0.047455817728809906,
    "acc_txn_count": 0.04699273891025234,
    "narration_is_upi": 0.04649924629315981,
    "acc_max_amount": 0.046194206384800464,
    "is_credit": 0.0458705161375062,
    "acc_txns_per_day": 0.044351528790261004,
    "vel_sum_7d": 0.04396532689437962,
    "vel_sum_1d": 0.04347652789000605,
    "vel_count_1d": 0.043384667471867935,
    "vel_sum_30d": 0.040086923315712016,
    "log_mins_since_last_txn": 0.03922906695668465,
    "acc_std_amount": 0.03284901429414218,
    "day_of_week": 0.03258922583758801,
    "day_of_month": 0.03219534544228813,
    "acc_avg_amount": 0.03054591257877381,
    "narration_is_transfer": 0.029643716990632445
  },
  "best_params": {
    "n_estimators": 300,
    "max_samples": "auto",
    "contamination": 0.03,
    "max_features": 1.0,
    "random_state": 42,
    "n_jobs": -1
  },
  "threshold": 0.62673,
  "n_features": 25,
  "feature_columns": [
    "log_abs_amount",
    "is_credit",
    "is_debit",
    "amount_bucket",
    "day_of_week",
    "day_of_month",
    "month",
    "is_night",
    "log_mins_since_last_txn",
    "rapid_transfer_flag",
    "acc_avg_amount",
    "acc_std_amount",
    "acc_max_amount",
    "acc_txn_count",
    "acc_credit_ratio",
    "acc_debit_ratio",
    "acc_txns_per_day",
    "vel_sum_1d",
    "vel_count_1d",
    "vel_sum_7d",
    "vel_sum_30d",
    "narration_is_transfer",
    "narration_is_upi",
    "near_zero_balance",
    "acc_night_txn_ratio"
  ]
}