{
  "account": "99572217148131",
  "intensities": {
    "round_trip": 0.7737056144690831,
    "layering": 0.0,
    "fan_in": 0.3868528072345416,
    "fan_out": 0.3868528072345416,
    "smurfing": 0.3868528072345416,
    "odd_hour": 0.0,
    "velocity": 0.0,
    "high_value": 0.2506535958866141,
    "balance_breach": 0.5620332075176079,
    "new_hv_bene": 1.0,
    "graph": 0.0
  },
  "contributions": {
    "round_trip": {
      "weight": 0.14,
      "intensity": 0.7737056144690831,
      "contrib": 0.10831878602567165
    },
    "layering": {
      "weight": 0.16,
      "intensity": 0.0,
      "contrib": 0.0
    },
    "fan_in": {
      "weight": 0.11,
      "intensity": 0.3868528072345416,
      "contrib": 0.04255380879579957
    },
    "fan_out": {
      "weight": 0.11,
      "intensity": 0.3868528072345416,
      "contrib": 0.04255380879579957
    },
    "smurfing": {
      "weight": 0.12,
      "intensity": 0.3868528072345416,
      "contrib": 0.04642233686814499
    },
    "odd_hour": {
      "weight": 0.06,
      "intensity": 0.0,
      "contrib": 0.0
    },
    "velocity": {
      "weight": 0.08,
      "intensity": 0.0,
      "contrib": 0.0
    },
    "high_value": {
      "weight": 0.07,
      "intensity": 0.2506535958866141,
      "contrib": 0.01754575171206299
    },
    "balance_breach": {
      "weight": 0.05,
      "intensity": 0.5620332075176079,
      "contrib": 0.028101660375880397
    },
    "new_hv_bene": {
      "weight": 0.04,
      "intensity": 1.0,
      "contrib": 0.04
    },
    "graph": {
      "weight": 0.06,
      "intensity": 0.0,
      "contrib": 0.0
    }
  },
  "raw_score_computation": {
    "raw_sum_weights_times_intensity": 0.3254961525733592,
    "raw_score_x100": 32.549615257335915,
    "rounded_capped_score": 32.5,
    "raw_tier_by_score_to_tier": "MEDIUM"
  },
  "final_attached": {
    "final_score_in_csv": 32.6,
    "final_tier_in_csv": "HIGH",
    "isolation_mean": 1.0823544325576944,
    "isolation_max": 1.1771648234422012,
    "community_id": "0",
    "community_risk_summary": {
      "community_id": 0.0,
      "n_accounts": 5.0,
      "avg_risk": 20.44,
      "max_risk": 32.6
    }
  },
  "calibration": {
    "RISK_TIER_FALLBACK_ENABLED": true,
    "fallback_thresholds": {
      "HIGH": 30,
      "CRITICAL": 45
    },
    "any_raw_high_or_critical": false,
    "fallback_would_apply_globally": true,
    "final_vs_raw_tier_differs_for_any_account": true
  }
}